name,latitude,longitude,locality,region,postcode,address,date_closed
Portland Roasting Coffee,45.517532,-122.67785,Portland,OR,97204,700 SW 5th Ave,
Spunky Monkey Coffee Roasters,45.46778485633606,-122.69360012627952,Portland,OR,97219,7900 SW Barbur Blvd,
40 Lbs Coffee Bar,45.516954147944915,-122.67489417432667,Portland,OR,97204,824 SW 2nd Ave,
Java Hound Coffee Bar,45.527377,-122.698268,Portland,OR,97210,610 NW 23rd Ave,
Pier Coffee,45.52798,-122.668197,Portland,OR,97209,500 NW Naito Pkwy,2011-04-27
Dawn Patrol Coffee,45.540692,-122.67319099999999,Portland,OR,97227,670 N Russell St,2024-11-14
Portland Coffee House Broadway,45.52019061613068,-122.67937628385422,Portland,OR,97205,603 SW Broadway,
Good Coffee,45.514443,-122.653446,Portland,OR,97214,1150 SE 12th Ave,
Bentos Coffee & Cookies,45.515486985971684,-122.67872510817881,Portland,OR,97204,431 SW Madison St,
Holy Beanz Coffee,45.55888311850202,-122.63856893611944,Portland,OR,97211,,
Never Coffee,45.521406,-122.683751,Portland,OR,97205,537 SW 12th Ave,
Angelfire Coffee Roasters,45.4450058894897,-122.72625565339112,Portland,OR,97219,11136 SW Capitol Hwy,
Daydreamer Coffee,45.594475147205834,-122.73863812851316,Portland,OR,97203,7315 N Fessenden St,
Coffee People,45.56668455291816,-122.66183281126743,Portland,OR,97211,6003 NE M L King Blvd,
Zeldas Coffee House & Bagel Bar,45.467109236707,-122.56509023179198,Portland,OR,97266,7708 SE Aspen Summit Dr,
Claddagh Coffee,45.46396,-122.57931,Portland,OR,97266,8145 SE 82nd Ave,
Day Lily Coffee Shop,45.54765648611941,-122.67584724328617,Portland,OR,97227,912 N Fremont St,
Coopers Coffee,45.519254,-122.601273,Portland,OR,97215,6049 SE Stark St,2013-07-29
Rust Coffee Lounge,45.53750757919595,-122.62148464308454,Portland,OR,97212,2035 NE 41st Ave,
Tullys Coffee,45.535131,-122.655803,Portland,OR,97232,935 NE Broadway St,2013-10-28
"Vacancy Pdx - Fashion, Live Music, Coffee, Cocktails, Event Space + Art Gallery",45.522277134205225,-122.64376044273376,Portland,OR,97214,2137 E Burnside St Ste C,
Seven Virtues Coffee Roasters,45.52910266426836,-122.63759871850307,Portland,OR,97232,2705 NE Sandy Blvd,
Coffee Stop Espresso,45.53426923976707,-122.47677273218022,Portland,OR,97230,18140 NE Halsey St,
Coffee Rush,45.44350363505558,-122.80334671715363,Portland,OR,97223,12210 SW Scholls Ferry Rd,
Cyclemaster Coffee,45.57725639517004,-122.69509416764251,Portland,OR,97217,2747 N Lombard St,
Upper Left Roasters,45.51926013284014,-122.6779881619023,Portland,OR,97204,555 SW Morrison St,
Spielman Bagels & Coffee Roasters,45.50494183223341,-122.64424675456253,Portland,OR,97202,2111 SE Division St,
Speedboat Coffee,45.496335021379046,-122.60959659477656,Portland,OR,97206,5115 SE Foster Rd,
Internet & Coffeetime,45.49786047629358,-122.5781557887158,Portland,OR,97266,8201 SE Powell Blvd,
Coffee People,45.51931994612285,-122.55815087538713,Portland,OR,97216,10215 SE Stark St,
Groundwork Coffee Co.,45.53707015381746,-122.69997291074232,Portland,OR,97210,2355 NW Vaughn St,
Stumptown Coffee Roasters,45.516355296264706,-122.62969145737858,Portland,OR,97214,3356 SE Belmont St,
Donnas Coffee Delights,45.53200594143232,-122.65241173222167,Portland,OR,97232,2201 Lloyd Ctr,
Exquisite Creatures Coffee,45.521588,-122.660231,Portland,OR,97214,,
Piroshki & A Pickle Coffeehouse,45.51941453216596,-122.6829774482091,Portland,OR,97205,1023 SW Yamhill St,2014-05-13
Rose City Coffee,45.498634486411355,-122.65381365437294,Portland,OR,97202,3370 SE Milwaukie Ave,
Kalesa Coffee X Tito Rico’S Merienda,45.503496,-122.639843,Portland,OR,97202,2525 SE Clinton St,
Heart Coffee Roasters,45.523023323647706,-122.64324826289413,Portland,OR,97214,2211 E Burnside St,
Chakraw Coffee,45.499424020199086,-122.61113862253461,Portland,OR,97206,3210 SE 50th Ave,
Tov Coffee & Tea,45.51217,-122.625946,Portland,OR,97214,3939 SE Hawthorne Blvd.,
All Your Heart Coffee,45.495096,-122.671092,Portland,OR,97239,3875 S Bond Ave,
Futura Coffee Roasters,45.57013888858587,-122.68245058822892,Portland,OR,97217,1507 N Rosa Parks Way,
Kind Coffee,45.51664592648581,-122.61841500008993,Portland,OR,,4255 SE Belmont St,
Ristretto Roasters,45.52371749781559,-122.65986441788661,Portland,OR,97232,555 NE Couch St,2020-03-18
No Wave Coffee,45.5826636420374,-122.72370537600945,Portland,OR,97203,7510 N Portsmouth Ave,
Oblique Coffee Roasters,45.519421170806666,-122.63401067295567,Portland,OR,97214,3039 SE Stark St,
Colombian Coffee Beans,45.43440777813565,-122.766528741363,Portland,OR,97223,11945 SW Pacific Hwy Ste 100,
Cathedral Coffee,45.58416092520112,-122.74608206454742,Portland,OR,97203,7530 N Willamette Blvd,
Phoenix Roasters Company,45.50497185802622,-122.62738759310808,Portland,OR,97214,3551 SE Division St,2021-08-12
B Street Coffee House,45.523200730345856,-122.69622030803325,Portland,OR,97210,2190 W Burnside St,2023-05-29
Coopers Coffee House,45.51187022676049,-122.6662662773045,Portland,OR,97214,1515 SE Water Ave,2018-07-20
Raleighwood Coffee Office,45.4926873008626,-122.7462663684835,Portland,OR,97225,,
Grendels Coffee House,45.52295963716384,-122.65773216825444,Portland,OR,97214,727 E Burnside St.,
Coffee Lab Pdx,45.537972,-122.706989,Portland,OR,97210,2701 NW Vaughn St,
Drunken Sailor Coffee,45.59969426310913,-122.78612392368748,Portland,OR,97231,,
Aroma Coffee Company,45.54095272687714,-122.71763327549118,Portland,OR,97210,3460 NW Industrial St,
Jackman Joe Coffee,45.53106985110045,-122.6877785671351,Portland,OR,97209,1111 NW 16th Ave,
Coffee Fest 2014,45.527425,-122.661966,Portland,OR,,,2014-10-22
Loro Coffee,45.518956,-122.581772,Portland,OR,97215,,
Coffee Bar At Whole Foods,45.536866,-122.618717,Portland,OR,97213,,2024-09-14
Ole Latte Coffee,45.52093666222646,-122.68214954649606,Portland,OR,97205,1003 SW Alder St,
Coopers Coffee,45.5190720097594,-122.61596525844386,Portland,OR,97215,4500 SE Stark St,2018-06-03
A Coffee Joint,45.50469294983531,-122.6328842839836,Portland,OR,97202,3158 SE Division St,
Euko Coffee & Company,45.54661643835598,-122.66761134624159,Portland,OR,97227,3290 N Vancouver Ave,
Seven Virtues Coffee Roasters,45.52635376939189,-122.6023579029365,Portland,OR,97213,5936 NE Glisan St,
Coffee People,45.59008390541101,-122.5912059327105,Portland,OR,,Concourse E,2017-07-12
Schondecken Coffee Roasters,45.47404405,-122.64998445,Portland,OR,97202,6720 SE 16th Ave,2015-08-24
Clive Coffee,45.51833356275133,-122.65803085280203,Portland,OR,97214,738 SE Washington St,
Good Coffee,45.587482,-122.59323,Portland,OR,97218,Concourse B,
Bold Coffee Roasters,45.54052018979074,-122.51229419705724,Portland,OR,97230,2424 NE 146th Dr,
Interstate Coffee,45.53924697302189,-122.67554942513316,Portland,OR,97227,,2021-11-11
Mount Tabor Roastery,45.52625073117439,-122.59183930277919,Portland,OR,97213,6922 NE Glisan St,2018-12-23
Five Points Coffee Roasters,45.47769002186516,-122.67257487944998,Portland,OR,97239,0614 SW Dakota St,
Portlands Coffee Break,45.51923369,-122.51418032,Portland,OR,97233,14425 SE Stark St,2015-02-05
Sterling Coffee At M Bar,45.525796222344425,-122.69450928599511,Portland,OR,97209,,
Seattles Best Coffee,45.4361463411976,-122.57368802613901,Portland,OR,97086,12000 SE 82nd Ave #2181,2024-10-19
Moto Coffee,45.47783245691441,-122.64905324146025,Portland,OR,97202,,
Glendels Coffee House,45.527667361003736,-122.66049158358906,Portland,OR,97232,,
K&F Coffee Roasters,45.50270786706001,-122.65208728732019,Portland,OR,97202,2801 SE 14th Ave,
Pdx Cars & Coffee,45.408518191595235,-122.74648531179432,Portland,OR,97224,,
Deadstock Coffee,45.523768053645945,-122.67472114821295,Portland,OR,97209,408 NW Couch St,
Aman Family Backyard Oasis & Coffee Shop,45.5308119001156,-122.79456498627553,Portland,OR,,,
Last Drop Coffee,45.55839579889491,-122.86579597172167,Portland,OR,97229,18365 NW West Union Rd,
Good Coffee,45.50540274954272,-122.6132713825118,Portland,OR,97206,4747 SE Division St,
Case Study Coffee,45.540924,-122.60828,Portland,OR,97213,5347 NE Sandy Blvd,
Awake Coffee & Art,45.47144297875775,-122.64867112051205,Portland,OR,97202,7325 SE Milwaukie Ave,
40 Lbs Coffee & Bar,45.515827,-122.675544,Portland,OR,97204,101 SW Main St,
The Coffee Shop,45.48537749938432,-122.74976918817524,Portland,OR,97225,4712 SW Scholls Ferry Rd,
Mcmenamins Coffee Roasters,45.542416301196475,-122.66101243660313,Portland,OR,97212,421 NE Knott St,
Coffee Time,45.40645676014394,-122.79736434746985,Portland,OR,97224,15555 SW 116th Ave,
Coffee Court,45.516491,-122.677657,Portland,OR,97204,1120 SW 4th,
Belmont Coffee Service,45.5398269942671,-122.67815589223801,Portland,OR,97227,2335 N Harding Ave,
Slow Pour Coffee + Bar,45.46096735875754,-122.64675271083573,Portland,OR,97202,8524 SE 17th Ave,
Ovation Coffee & Tea,45.51138647771134,-122.68075895577515,Portland,OR,97201,,
American Barista & Coffee School,45.5151630683212,-122.66630985310188,Portland,OR,97214,1028 SE Water Ave #275,
Fairleys Soda Fountain & Coffee House,45.54837138016071,-122.58844332032346,Portland,OR,97213,7206 NE Sandy Blvd,
Coffeehouse Northwest,45.52318824157863,-122.6914214558197,Portland,OR,97209,1951 W Burnside St,2022-04-09
Third Wave Coffee Tours,45.528732,-122.681405,Portland,OR,97209,,
Driftwood Coffee,45.475951237637645,-122.72454940455452,Portland,OR,97219,4604 SW Vermont St,
Triumph Coffee,45.5213553039373,-122.65389742116812,Portland,OR,97214,201 SE 12th Ave,
Coffee People,45.548429412723365,-122.61084008882838,Portland,OR,97213,Northeast Martin Luther King Junior Boulevard,
Boyd Coffee Company,45.543610442455154,-122.46031149823071,Portland,OR,97230,19730 NE Sandy Blvd,
Haven Coffee Co.,45.53524,-122.70825,Portland,OR,97210,2772 NW Thurman St,
Coffee Quest,45.526943,-122.645647,Portland,OR,97232,541 NE 20th Ave,
Thousand Coffee Bean Cafe,45.516928869021214,-122.680460944314,Portland,OR,97205,1000 SW Broadway,
Leos Coffee Shop,45.519079,-122.683746,Portland,OR,97205,837 SW 11th Ave,2018-04-29
Portland Coffee Roasters,45.58982203939503,-122.59255170822144,Portland,OR,97218,Concourse E,
Jet Black Coffee Company,45.533894317355966,-122.54775583094488,Portland,OR,,11150 NE Weidler St,
World Cup Coffee/Ecotrust,45.528394733333336,-122.68087935,Portland,OR,97209,NW 9th Ave,2012-02-13
Rainier Roaster,45.45036299619744,-122.78088730238667,Portland,OR,97223,9627 SW Washington Square Rd,2018-04-29
Boyds Coffee - Pearl,45.52584572126929,-122.6821391739852,Portland,OR,97209,404 NW 11th Ave,
Rocky Butte Coffee Roasters,45.57011550774605,-122.61529469493325,Portland,OR,97218,6540 NE 42nd Ave,
Upper Left Roasters,45.511407,-122.653412,Portland,OR,97214,1204 SE Clay St,
Sterling Coffee Roasters,45.525977855667286,-122.69435325082333,Portland,OR,97209,518 NW 21st Ave,
Aliviar Coffeehouse,45.53581458643373,-122.62088514704928,Portland,OR,97212,4128 NE Sandy Blvd,2016-04-16
Dans Coffee House,45.50794299098837,-122.62449266488716,Portland,OR,97214,,
Oakgrove Coffee House,45.416629791259766,-122.640869140625,Portland,OR,97267,2144 SE Oak Grove Blvd,
World Cup Coffee & Tea House,45.52839933839653,-122.6805921169021,Portland,OR,97209,721 NW 9th Ave,
Park Place Coffee,45.51373670755264,-122.4754107043663,Portland,OR,97233,1288 SE 182nd Ave,
Sweet Things Bakehouse & Coffee Bar,45.55898308753967,-122.6616683,Portland,OR,97211,4943 NE M L King Blvd,2012-02-29
Coffeetown,45.51553779868944,-122.67546580658201,Portland,OR,97204,101 SW Main St,
Annies Coffee Company,45.51210021972656,-122.68316650390625,Portland,OR,97201,1728 SW Broadway,
Essence Coffee & Tea,45.48443816866568,-122.67601355193887,Portland,OR,97239,5331 SW Macadam Ave,
Coffee Amerigo,45.51595242522818,-122.67588425057289,Portland,OR,97204,1000 SW 3rd Ave,
Never Coffee,45.516599408632956,-122.61871077193587,Portland,OR,97214,4243 SE Belmont St,
Cortado Coffee,45.53062,-122.658508,Portland,OR,97232,1094 NE 7th Ave,
Cotta Coffee Cart,45.509659,-122.698675,Portland,OR,97201,1922 SW Elm St,
Village Coffee,45.46833563736485,-122.7126610179885,Portland,OR,97219,7781 SW Capitol Hwy,
Muddys Coffeehouse,45.548781,-122.67536723,Portland,OR,97227,3560 N Mississippi Ave,2014-05-26
Coffee Beach Cafe,45.60798806028345,-122.67741949401741,Portland,OR,,12010 N Jantzen Dr,
Peets Coffee & Tea,45.48475182954762,-122.75570098596681,Portland,OR,97225,,
Spielman Coffee & Bagels,45.468681711387255,-122.71082296279101,Portland,OR,97219,7713 SW Capitol Hwy,
Case Study Coffee Roasters,45.516601,-122.67703300000001,Portland,OR,,932 SW 4th Ave,
World Cup Coffee & Tea,45.52631112484447,-122.68922344317693,Portland,OR,97209,1740 NW Glisan St,2023-05-29
Refuge Coffee House,45.47984375690294,-122.56809280479078,Portland,OR,97266,9217 SE Foster Rd,
Peets Coffee & Tea,45.5903626081006,-122.59358167648317,Portland,OR,97218,Concourse D,
Tinys Coffee North East,45.537653,-122.661841,Portland,OR,97212,2031 NE M L King Blvd,
Buckman Coffee Factory,45.51359394118351,-122.65461402069549,Portland,OR,,1005 SE Main,
Coffee Beer,45.49282594868526,-122.61881053447723,Portland,OR,97206,4142 SE 42nd Ave.,
Nossa Familia Coffee,45.504978132451015,-122.64556930530424,Portland,OR,97202,2007 SE Division St,
Coffee Plant - Downtown,45.520934,-122.679122,Portland,OR,97205,724 SW Washington St,2012-03-12
Coffee Creations,45.505006357191185,-122.47627636118393,Portland,OR,97236,18145 SE Division St,
Jory Coffee Co.,45.550543881778715,-122.67590082638407,Portland,OR,97227,3845 N Mississippi Ave,
Code 3 Coffee,45.52223638092556,-122.67066692444861,Portland,OR,97204,,
Coffee.Cup,45.52638771686652,-122.80580850149859,Portland,OR,97229,12505-12593 NW Cornell Rd,
Marigold Coffee,45.49052730734865,-122.63722725726619,Portland,OR,97202,2801 SE Holgate Blvd,
Powell’S Books Coffee Room,45.52313,-122.681721,Portland,OR,97209,1005 W Burnside St,
Torrefazione Italia Coffee,45.51198071632552,-122.68220029545058,Portland,OR,,,
The Sadona Coffee Co.,45.4954019012057,-122.67175740131876,Portland,OR,,3838 S Moody Ave,
Black Coffee Co.,45.533756956929416,-122.69022989720149,Portland,OR,97209,1502 NW 19th Ave,
Coffee Trader,45.52090492925904,-122.67476629991462,Portland,OR,97204,310 SW 4th Ave,
Ugly Mug Coffeehouse,45.46548258759828,-122.65312544995594,Portland,OR,97202,8017 SE 13th Ave,2017-09-01
Stumptown Coffee Roasters,45.588645,-122.588513,Portland,OR,97218,Concourse E,
Johns Coffee Shop,45.52517759770829,-122.6776307275351,Portland,OR,97209,301 NW Broadway,
Water Avenue Coffee Company,45.51826034902281,-122.67939195936316,Portland,OR,97204,811 SW 6th Ave,2023-09-01
Mud Coffee,45.535383595868076,-122.62063263643729,Portland,OR,97212,4128 NE Sandy Blvd,2020-02-15
Coffee People,45.5118661880109,-122.62850414842015,Portland,OR,97214,3500 SE Hawthorne Blvd,
Ds Coffee Cabana,45.5176412520338,-122.5358738121189,Portland,OR,97233,616 SE 122nd Ave,
Jazzkats Coffee Bar,45.53691762381965,-122.6206649767954,Portland,OR,97213,1925 NE 42nd Ave,
Coffee Port,45.55699262757379,-122.70240457383093,Portland,OR,97217,4715 N Lagoon Ave Ste A,
Mudd Coffeehouse,45.49266012991794,-122.6764525753809,Portland,OR,97239,4237 SW Corbett Ave,
Upstream Coffee & Eatery,45.51019797475512,-122.67383664375926,Portland,OR,,0315 SW Montgomery St Ste 200,
Full Life Coffee Shop,45.53219447069421,-122.6300419480871,Portland,OR,97232,3331 NE Sandy Blvd,
Mudd Works Roastery,45.521632425723396,-122.6599006070038,Portland,OR,97214,537 SE Ash St Ste 108,
Coffeehouse Five,45.562612,-122.674833,Portland,OR,97217,740 N Killingsworth St,
Autumn Coffee Roasting,45.56265,-122.63075,Portland,OR,97211,3286 NE Killingsworth St,
Blue Hill Robot Coffee,45.519008,-122.677557,Portland,OR,97204,,
Cyclemaster Coffee Co.,45.57735745026211,-122.69564567338111,Portland,OR,97217,2747 N Lombard St,
Bridgetown Coffee Annex,45.53103298930046,-122.68785359423471,Portland,OR,97209,1111 NW 16th Ave,
Coava Coffee,45.5121628885553,-122.6385397875284,Portland,OR,97214,2631 SE Hawthorne Blvd,
Coffee Time,45.55860499247764,-122.68511218865957,Portland,OR,97217,,
Courier Coffee,45.52265235360441,-122.68075313254027,Portland,OR,97205,923 SW Oak St,
Kiss Coffee,45.56608442735055,-122.63450006448053,Portland,OR,97211,3016 NE Ainsworth St,
Giacobbos Coffee House,45.523140848554135,-122.69621596226169,Portland,OR,97210,2190 W Burnside St,
Java Man Coffee,45.52486677636785,-122.67225568719691,Portland,OR,97209,220 NW 2nd Ave,2018-06-05
Fireside Coffee Lodge,45.50099358518401,-122.65204147294824,Portland,OR,97202,1223 SE Powell Blvd,
Black Rock Coffee Bar,45.46548915268417,-122.7549906067681,Portland,OR,97223,,
Five Mississippi Coffee,45.554356773659244,-122.67571052729356,Portland,OR,97217,4233 N Mississippi Ave,
Coava Coffee Roasters | Public Brew Bar & Roastery,45.51390553740925,-122.65530283143251,Portland,OR,97214,1015 SE Main St,
Touchstone Coffee House,45.52660013235327,-122.58416824208075,Portland,OR,97213,7631 NE Glisan St,
Bridgetown Coffee,45.539307753699944,-122.69536929123228,Portland,OR,97210,2101 NW York St,2024-06-27
The Arrow Coffeehouse,45.55890757167901,-122.66189275587907,Portland,OR,97211,4943 NE M L King Blvd,2021-01-23
Stumptown Coffee Roasters,45.588177777580974,-122.59453654289244,Portland,OR,97218,Concourse C,
Harder Day Coffee Company - Macadam,45.48444,-122.67598,Portland,OR,97239,5331 S Macadam Ave #122,
Dutch Bros Coffee,45.50388678912622,-122.52290621256287,Portland,OR,97236,13640 SE Division St,
Old School Coffee,45.50540754229877,-122.5800923173812,Portland,OR,97216,8102 SE Division St.,
The Third Place Coffeeshouse,45.53439014289362,-122.48603813816224,Portland,OR,97230,172nd,
Night Owl Roasters,45.5711778421872,-122.64054284935594,Portland,OR,97211,6633 NE 25th Ave,
Tin Man Coffee,45.52013565356583,-122.67191361446517,Portland,OR,,306 Sw 1st,
Compass Coffee Roasting,45.54661643835598,-122.66761134624159,Portland,OR,97227,3290 N Vancouver Ave,
Cams Coffee,45.56684665809672,-122.53803701578396,Portland,OR,97220,6033 NE Win Sivers Dr,
Awakening Coffee,45.416554,-122.641,Portland,OR,97267,2144 SE Oak Grove Blvd,
Bridgetown Coffee,45.53888228830075,-122.71352004059989,Portland,OR,97210,2330 NW 31st Ave,
Irish Bros. Coffee,45.544511034859866,-122.47788030985177,Portland,OR,97230,3007 NE 181st Ave,
Happy Cup Coffee Company,45.515014,-122.679045,Portland,OR,97204,1221 SW 4th Ave,
Coffee Net & Mr. Browns Bar-B-Que,45.533143460181776,-122.55726684193912,Portland,OR,97220,10249 NE Clackamas St,
Convivium Coffee,45.586549648773726,-122.72803112518432,Portland,OR,97203,8900 N Wall Ave,
Re-A Coffee Pub,45.534426894031206,-122.48596293260965,Portland,OR,97230,1590 NE 172nd Ave,
Coffee Angels,45.58049390950207,-122.67511577112009,Portland,OR,97217,844 N Winchell St,
Prince Coffee,45.54855611546275,-122.61652465319212,Portland,OR,97213,4523 NE Fremont St,
Boyds Coffee - Cultural District,45.516436661107065,-122.68405133787034,Portland,OR,97205,1229 SW 10th Ave,
Khora (Kôra) Coffeehouse,45.52322475332984,-122.64781557522043,Portland,OR,97232,15 NE 18th Ave,
Ristretto Roasters,45.52534766409408,-122.6842243092802,Portland,OR,97209,1355 NE Everett St,2019-01-10
Peets Coffee & Tea,45.589161,-122.593577,Portland,OR,97218,Main Terminal,
Coffee Passion Drive-Thru,45.505103180764536,-122.62219093452488,Portland,OR,97214,2440 SE Cesar E Chavez Blvd,
Wired Coffee,45.508306333449866,-122.62274531613288,Portland,OR,97214,2035 SE Cesar E Chavez Blvd,2005-12-16
Blue Tiger Coffee Service,45.57734983622121,-122.69136950702737,Portland,OR,97217,2361 N Lombard St Ste B,
Less & More Coffee,45.5182096569466,-122.67962136447098,Portland,OR,97204,811 SW 6th Ave,
Aurora Coffeehouse,45.54631208718771,-122.79205698072279,Portland,OR,97229,11200 NW Thompson Rd,
Mocha Mommas Good Coffee Cafe,45.478346,-122.649216,Portland,OR,97202,6116 SE Milwaukie Ave,2015-08-24
Dutch Bros Coffee,45.518707287940536,-122.49605800967468,Portland,OR,97233,16222 SE Stark St,
Rose City Coffee Company,45.47144297875775,-122.64867112051205,Portland,OR,97202,7325 SE Milwaukie Ave,2023-05-29
Pier Coffee,45.52821567918865,-122.67288637251434,Portland,OR,97209,600 NW Naito Pkwy Ste C,2024-05-25
Scott Coffee Drywall,45.413219058552926,-122.6042008943647,Portland,OR,97267,15161 SE Hickory Ct,
Futura Coffee Roasters,45.526635507792705,-122.58852410726166,Portland,OR,97213,,
Coffee Cabana,45.51834548295471,-122.51352971356981,Portland,OR,97233,,
Coava Coffee Bar,45.524843,-122.679987,Portland,OR,97209,830 NW Everett St (inside LCP),2013-07-10
Roseline Coffee,45.51554111643285,-122.65487686638276,Portland,OR,97214,1015 SE 11th Ave,
City Coffee,45.51680007140103,-122.67718862574837,Portland,OR,97204,932 SW 4th Ave,2019-04-17
Urban Grind Coffeehouse,45.52945050259119,-122.68541664647202,Portland,OR,97209,911 NW 14th Ave,
Black Rock Coffee,45.46548915268417,-122.7549906067681,Portland,OR,97223,7570 SW Garden Home Rd,
Haven Coffee,45.50485,-122.627546,Portland,OR,97202,3551 SE Division St,2011-05-19
Bebos Coffee,45.54561038864655,-122.57914865464967,Portland,OR,97220,3211 NE 82nd Ave,
Juniors Roasted Coffee,45.54836497836997,-122.64130992547372,Portland,OR,97212,2393 NE Fremont St Ste B,
Cartography Coffee,45.51920045211276,-122.67091365571915,Portland,OR,,,
Coffee Care Unit,45.543645,-122.669787,Portland,OR,97227,,
Goldrush Coffee Bar,45.54098439049934,-122.66173375553004,Portland,OR,97212,2601 NE M L King Blvd,2022-04-09
Roseline Coffee,45.559247997817266,-122.64730248652454,Portland,OR,97211,1725 NE Alberta St,
Good Coffee,45.520384,-122.680295,Portland,OR,97205,813 SW Alder St,
Dancing Beans Coffee House,45.51132045005339,-122.65387332131638,Portland,OR,97214,1615 SE 12th Ave,
Heart Coffee Roasters Hq,45.51243582507712,-122.65589613377249,Portland,OR,97214,923 SE Hawthorne Blvd,
Portland Coffee Shop,45.52655991513012,-122.54070410311735,Portland,OR,97220,530 NE 118th Ave,
The Coffee Lab,45.48318288173052,-122.57874257104346,Portland,OR,97266,,
Peets Coffee & Tea,45.43875982751237,-122.78112206855991,Portland,OR,97223,451 SW North Dakota St,
Coffee Kids,45.5045905660466,-122.63031284848113,Portland,OR,97202,3354 SE Division St,
Coffee Express,45.565867384833055,-122.7496783896543,Portland,OR,97210,6215 NW Saint Helens Rd,
City Coffee,45.51557465762093,-122.67539078180909,Portland,OR,97204,101 SW Main St,
Holly Rose Coffee,45.53750757919595,-122.62148464308454,Portland,OR,97212,2035 NE 41st Ave,
Juniors Roasted Coffee,45.55562216093214,-122.58958331816062,Portland,OR,97218,7151 NE Prescott St,
James Bean Coffee,45.516841,-122.675159,Portland,OR,97204,110 SW Yamhill St,2015-07-07
Mocha Romas Coffee Company,45.486743,-122.77166399999999,Portland,OR,97225,9217 SW Beaverton Hillsdale Hwy,
Slowbomb Coffee,45.45479148314621,-122.71571340775104,Portland,OR,97219,9620 SW Barbur Blvd,
Haven Coffee Co.,45.52511878027118,-122.81466886820758,Portland,OR,97229,800 NW Murray Blvd,
Ancestry Coffee,45.51188435368851,-122.61747069213509,Portland,OR,97215,4380 SE Hawthorne Blvd,
Even Keel Coffee Co,45.52435546890043,-122.6708978119772,Portland,OR,97209,38 NW Davis St,
Diedrich Coffee,45.52019995060029,-122.67759000772375,Portland,OR,97204,506 SW 6th Ave,
Less & More Coffee,45.51657422857096,-122.67903685746813,Portland,OR,97204,1003 SW 5th Ave,
Spielmans Coffee & Bagels,45.52961641872149,-122.69893908437435,Portland,OR,97210,2314 NW Lovejoy St,
Water Avenue Coffee Company,45.515129573007684,-122.6656254310669,Portland,OR,97214,1028 SE Water Ave,
Petes Coffee,45.589848987859156,-122.55826500425603,Portland,OR,97220,10100-10198 NE Cascades Pkwy,
Keeper Coffee Co.,45.48998013346521,-122.62001897700951,Portland,OR,97202,4515 SE 41st Ave,
Coffee People,45.59008320527983,-122.59275495217487,Portland,OR,97218,D/E Concourse,2017-07-12
Pep Up Coffee,45.483166,-122.580341,Portland,OR,97206,8040 SE Foster Rd,
Coffee Bean International,45.56919486168082,-122.56869725381623,Portland,OR,97220,8960 NE Alderwood Rd,
Coffee House Your,45.52962512166858,-122.6601666470835,Portland,OR,97214,910 SE Grand Ave,
Slowbomb Coffee,45.485952679306564,-122.72162841730132,Portland,OR,97221,4345 SW Beaverton Hillsdale Hwy,
Badbeards Coffee,45.51948066458649,-122.65733658810704,Portland,OR,,,
Awake Premium Coffee & Energy Drinks,45.49568749603814,-122.53727438752188,Portland,OR,97236,3618 SE 122nd Ave,2024-11-04
Futura Coffee Roasters,45.57005921799384,-122.68245321548766,Portland,OR,97217,1507 N Rosa Parks Way,
Coffee People,45.58953525609836,-122.59803753850478,Portland,OR,97218,Concourse C,2017-09-27
Peets Coffee & Tea,45.523566,-122.68256,Portland,OR,97209,"1114 NW Couch Street,",
Stumptown Coffee Roasters,45.590719,-122.594777,Portland,OR,97218,"Concourse D, PDX",
Grendles Coffee Shop,45.522784296955265,-122.67801010764084,Portland,OR,97209,727 W Burnside St,
Clinton Street Coffeehouse,45.50332196968824,-122.63946768963805,Portland,OR,97214,,
Old Friends Coffee Roasters,45.516305,-122.639951,Portland,OR,97214,2502 SE Belmont St,
Stumptown Coffee Roasters,45.513944692515274,-122.66448516546322,Portland,OR,97214,100 SE Salmon St,
Coffee Club Raleigh Hills,45.49457427177536,-122.74974283020978,Portland,OR,97225,7050 SW Gable Pkwy,
Ristretto Roasters,45.51317424923667,-122.67762550665437,Portland,OR,97201,222 SW Columbia St,2020-12-16
Dutch Bros Coffee,45.5263772570688,-122.66096735490765,Portland,OR,97232,430 NE Lloyd Blvd,
Refuel Coffee,45.501844252688365,-122.67657293753311,Portland,OR,,049 SW Porter St,
Coffee People,45.589177400418336,-122.59351581588454,Portland,OR,97218,Oregon Market,2017-09-27
Prince Coffee,45.52957232601482,-122.69070020977732,Portland,OR,97209,915 NW 19th Ave,
Pizza Afetta & Coffee House,45.49768285324419,-122.66951423204615,Portland,OR,97239,3580 SW River Pkwy,
Lugano Coffee Express,45.51187022676049,-122.6662662773045,Portland,OR,97214,1515 SE Water Ave,
Cloud Cap Coffee Works,45.52275625,-122.66958216666667,Portland,OR,97204,,
Jump Start Coffee,45.485905369348835,-122.76028787438644,Portland,OR,97225,8122 SW Beaverton Hillsdale Hwy,
Heretic Coffee Co.,45.485847,-122.63731,Portland,OR,97202,5120 SE 28th Ave,
Flipside Coffee Shop,45.562643,-122.666813,Portland,OR,97211,,2022-11-01
No Po Coffeehouse,45.58071537642106,-122.71858848346909,Portland,OR,97203,4823 N Lombard St,
Keeper Coffee Co,45.514952422353446,-122.66415805005077,Portland,OR,97214,1121 SE 2nd Ave,
Cruzn Coffee & Espresso,45.503971008881194,-122.54454595640948,Portland,OR,97266,11518 SE Division St,
Floyds Coffee,45.51653751582313,-122.67608195523523,Portland,OR,97204,932 SW 3rd Ave,2017-12-02
Sam Jackson Hall Coffee Express,45.49977960869595,-122.68582220894947,Portland,OR,,,
Puff Coffee,45.51919076675844,-122.63695672651775,Portland,OR,97214,2816 SE Stark St,
Sinister Coffee & Creamery,45.518581,-122.68124,Portland,OR,97205,,
Happy Cup Coffee Bar,45.5237417,-122.6598675,Portland,OR,97232,555 NE Couch St,
Nossa Familia Coffee,45.52989,-122.68482,Portland,OR,97209,811 NW 13th ave,
Mr. Jollys Coffee Bar,45.5252854554857,-122.68036665996068,Portland,OR,97209,903 NW Everett St,2017-07-13
"Gourmet Coffee Systems, Inc.",45.51747614140668,-122.65447247604006,Portland,OR,97214,728 SE 11th Ave,
Nossa Familia Coffee Roastery,45.54792057859855,-122.7249008071288,Portland,OR,97210,3530 NW Saint Helens Rd,
Rainy Day Coffee,45.50557726293165,-122.59720246269525,Portland,OR,,,
Ristretto Roasters,45.53760429020901,-122.6214138503664,Portland,OR,97212,2035 NE 41st Ave,2019-01-10
Ava Roasteriá Coffee Co.,45.521136644192794,-122.80324707228866,Portland,OR,97229,230 NW Lost Springs Ter Ste 10,
Hashi Coffee,45.56248472554318,-122.66938076003791,Portland,OR,97217,330 N Killingsworth St,
Kopi Coffee House,45.52302768385628,-122.64179815498412,Portland,OR,97214,2327 E Burnside St,
Peets Coffee & Tea,45.53298828767152,-122.63499562582707,Portland,OR,97232,3030 NE Weidler St,2019-08-04
Rhondas Coffee,45.41060710039225,-122.6264473853988,Portland,OR,97267,,
Black Rock Coffee Bar,45.49711483502045,-122.57942384457054,Portland,OR,97206,8128 SE Powell Blvd,
Yigebe Coffee,45.542433241948196,-122.60372445627947,Portland,OR,97213,5730 NE Sandy Blvd,
The Stacks Coffeehouse,45.56296496262367,-122.68620564998338,Portland,OR,97217,1831 N Killingsworth St,
Muddy Waters Coffeehouse,45.51630151979058,-122.63589419672458,Portland,OR,97214,2908 SE Belmont St,
Cbc Coffee Shop,45.409549202372865,-122.57614677139333,Portland,OR,97267,15655 SE Johnson Ave,
Green Bridge Coffee,45.52992,-122.65904,Portland,OR,97232,650 NE Holladay St Ste 110,
Northfresh Coffee Roasters,45.436932,-122.777652,Portland,OR,97223,11500 SW 98th Ave,
Lillikoi Coffee,45.4976764535945,-122.6392171650155,Portland,OR,97202,2620 SE Powell Blvd,
Blind Coffee Pop-Up,45.52576594503314,-122.69819336377516,Portland,OR,97210,"404 NW 23rd Ave, Portland, OR 97210",2019-01-09
Case Study Coffee,45.53284522951398,-122.69855198555771,Portland,OR,97210,1400 NW 23rd Ave,
Tessas Coffee Corner,45.52919168530177,-122.65523960482007,Portland,OR,97232,905 NE 11th Ave,
Dutch Bros Coffee,45.52337635209994,-122.6935916125427,Portland,OR,97209,2057 W Burnside St,
Nossa Famila Coffee,45.51112,-122.685732,Portland,OR,,,
Capitola Coffee,45.55564252087752,-122.65022983441236,Portland,OR,97211,1465 NE Prescott St,2023-03-13
Peets Coffee & Tea,45.54822213230261,-122.53772832888036,Portland,OR,97230,3527 NE 122nd Ave,
Space Monkey Coffee,45.48283718204549,-122.58944056023513,Portland,OR,97206,5511 SE 72nd Ave,
Portland Coffee House,45.518811,-122.677538,Portland,OR,97214,SE Belmont,2012-02-20
Fetch Coffee Roasters,45.47357330576129,-122.65014469785196,Portland,OR,97202,1540 SE Sybee Blvd.,
Magic Bean Coffee,45.53270619041029,-122.65300623068241,Portland,OR,97232,2201 Lloyd Ctr,
Vivace Coffee House & Creperie,45.53281737698699,-122.69863415495932,Portland,OR,97210,1400 NW 23rd Ave,2022-04-09
Kainos Coffee,45.50487518310547,-122.6798324584961,Portland,OR,97201,2501 SW 1st Ave #123,
Sunny Day Coffee,45.52457279690754,-122.6987282563102,Portland,OR,97210,2310 NW Everett St,
Coffee Division,45.504869322879195,-122.62746625534555,Portland,OR,97202,3551 SE Division St,2019-04-17
Daily Cafe Coffee Shop,45.53750740252905,-122.70836976522158,Portland,OR,97210,,
Three Friends Coffeehouse,45.521446335621796,-122.65366078951956,Portland,OR,97214,201 SE 12th Ave,2015-03-23
Loma Coffee Co.,45.47952006336803,-122.61895875549112,Portland,OR,97206,4229 SE Woodstock Blvd,
Puff Coffee,45.505454722204846,-122.61553346761373,Portland,OR,97206,,
Dutch Bros Coffee,45.49043613070517,-122.6399396385066,Portland,OR,97202,4455 SE 26th Ave,
Broken Robot Robot Coffee,45.590571898153236,-122.75553033903765,Portland,OR,97203,,
Super Joy Coffee Shop,45.51466650387653,-122.68418153769686,Portland,OR,97201,1431 SW Park Ave,
Tessas Coffee Corner,45.512528559128405,-122.66025375853157,Portland,OR,97214,501 SE Hawthorne Blvd,
Alliance For Coffee Excellence,45.531375217235755,-122.63247023799657,Portland,OR,97232,3115 NE Sandy Blvd Ste 224,
Kobos Coffee,45.51150637235175,-122.67874781771197,Portland,OR,97201,200 SW Market St,
Stumptown Coffee Roasters,45.522212952861906,-122.68175242317295,Portland,OR,97205,1026 SW Stark St.,
Bellissimo Coffee Advisor,45.51540402651006,-122.66551147217918,Portland,OR,97214,1028 SE Water Ave Ste 275,
Coffee & Gift Shop,45.58284,-122.575516,Portland,OR,97220,8235 NE Airport Way,
Coffee Renaissance,45.50758584918123,-122.78252880313285,Portland,OR,97225,10206 SW Park Way,
Eastside Coffee Bar & Workspace,45.51329550572492,-122.64593494705883,Portland,OR,97214,1315 SE 20th Ave,
Yoburi Coffee,45.52722037663895,-122.67794266822021,Portland,OR,,,
Creatures Of Habit Coffee & Deli,45.51185054875268,-122.77802845348286,Portland,OR,97225,9755 SW Barnes Ed #110,
Peets Coffee,45.52314481327245,-122.69885764595642,Portland,OR,97210,2340 W Burnside St,
Kenilworth Coffee House,45.49350388767961,-122.62446696966408,Portland,OR,97202,3713 SE Gladstone St,
Ovation Coffee & Tea,45.532354513334674,-122.68150397279885,Portland,OR,97209,941 NW Overton St,
Cameo Coffee Roasting,45.547413189554014,-122.66712489017868,Portland,OR,,,2018-02-02
Vergnettis Coffee & Catering,45.5517605470255,-122.66635101715838,Portland,OR,97227,3954 N Williams Ave,
Ristretto Roasters - Beaumont,45.54865,-122.62034,Portland,OR,97213,3520 NE 42nd Ave,2013-06-10
The Coffee Branch,45.522641775316906,-122.6708516271752,Portland,OR,97204,28 SW 1st Ave,
Redwing Coffee & Bakery,45.53495002835642,-122.65992933298195,Portland,OR,97212,1700 NE 6th Ave,
Potters: Kolaches & Coffee,45.52291811380582,-122.67382414988099,Portland,OR,97204,12 SW 4th Ave,
Oak St. Coffee,45.525575942111104,-122.6771243645721,Portland,OR,97205,322 SW Broadway,
Tall Trees Coffee,45.528793,-122.643569,Portland,OR,97232,2117 NE Oregon St,
Stumptown Coffee Roasters - Annex,45.51642730398095,-122.62982828712103,Portland,OR,97214,3336 SE Belmont St,2014-01-05
Sharifs Coffee,45.530316296385244,-122.66557847427667,Portland,OR,,47 NE Holladay,
Wllamettes End Coffee,45.58120247455699,-122.71986770040361,Portland,OR,97203,5003 N Lombard St,
Bell Tower Coffee,45.516892,-122.606843,Portland,OR,,5441 SE Belmont St,
Acme Coffee Company,45.51237483915209,-122.62177997732977,Portland,OR,97214,1431 SE 40th Ave,
Amis Coffee Buzz,45.42851318179758,-122.63549298813132,Portland,OR,97222,13119 SE McLoughlin Blvd,
Cycle Town Coffee Roasters,45.53542692701963,-122.68824985340068,Portland,OR,97209,1626 NW Thurman St,
Extracto Coffee House & Roastery,45.56285538948544,-122.63539439310232,Portland,OR,97211,2921 NE Killingsworth St,
Coffee People,45.53393214254701,-122.66187639998661,Portland,OR,97232,1503 NE M L King Blvd,
Little Gotham Coffee,45.539334605530236,-122.67423465951838,Portland,OR,97227,2240 N Interstate Ave,
Fullers Coffee Shop,45.52431752844972,-122.68005313796866,Portland,OR,97209,136 NW 9th Ave,
Coffee Couture,45.53426923976707,-122.47677273218022,Portland,OR,97230,18140 NE Halsey St,
Cars & Coffee,45.40854596495738,-122.74617707741615,Portland,OR,97224,,
H&H Coffee Supply,45.49125263449201,-122.64194042457137,Portland,OR,97202,4409 SE 24th Ave,
Kahveology Coffee,45.47383577706811,-122.6492316175417,Portland,OR,97202,1625 SE Bybee Blvd,2023-05-24
Condordia Coffee House,45.55925265437349,-122.64792475514052,Portland,OR,97211,,
Farmer Brothers Coffee,45.57749847102837,-122.63384409126857,Portland,OR,97211,7515 NE 33rd Dr,
Northfresh Coffee Roasters,45.47716,-122.673741,Portland,OR,97239,6500 S Virginia Ave,
University Park Coffee,45.580354,-122.718468,Portland,OR,97203,4800 N Lombard St,2012-05-29
Cellar Door Coffee Roasters,45.508576086506714,-122.65479512155565,Portland,OR,97214,2001 SE 11th Ave,
Ristretto Roasters,45.55045125929805,-122.66654910387338,Portland,OR,97227,3808 N Williams Ave,2020-07-31
"Coffee, Tea, Etc",45.50901786263226,-122.78302226249349,Portland,OR,97225,10305 SW Park Way,
Peets Coffee & Tea,45.4438536537759,-122.62688803517385,Portland,OR,97222,10830 SE Oak St,
Dutch Bros Coffee,45.486888137182774,-122.73334295027082,Portland,OR,97221,5482 SW Beaverton Hillsdale Hwy,
Beulahland Coffee & Alehouse,45.52383863940457,-122.63713039996611,Portland,OR,97232,116 NE 28th Ave,
Dutch Bros Coffee,45.57105852245504,-122.61376812333089,Portland,OR,97218,4721 NE Columbia Blvd,
Coffee Time,45.51419962339705,-122.68417856379097,Portland,OR,97209,,
Hawthorne Coffee Merchant,45.47168860778549,-122.6069791576015,Portland,OR,97206,5424 SE Rural St,
Harder Day Coffee Co.,45.47952006336803,-122.61895875549112,Portland,OR,97206,4229 SE Woodstock Blvd,
Press & Grind Coffee,45.495855025996434,-122.60855213148112,Portland,OR,97206,5205 SE Foster Rd,
Dogfeathers Coffee,45.554379785914286,-122.67578991870796,Portland,OR,97217,4237 N Mississippi Ave,2017-09-08
See See Motor Coffee Co.,45.59119298261661,-122.75565362293084,Portland,OR,97203,8811 N Lombard St,2022-10-15
Ladybug Organic Coffee,45.589811,-122.75372,Portland,OR,97203,8438 N Lombard St,2011-05-19
Bison Coffeehouse,45.55169206500538,-122.60430952704883,Portland,OR,97213,3941 NE Cully Blvd,
Woodys Coffee Tavern,45.516950373876846,-122.65124880828672,Portland,OR,97214,1412 SE Morrison St,
Sisters Coffee Company,45.53090416092004,-122.68439048863631,Portland,OR,97209,1235 NW Marshall St,
Northwest Coffee Service,45.559377666809155,-122.53151784610773,Portland,OR,97230,12815 NE Marx St,2023-12-04
Case Study Coffee,45.519247824035865,-122.6824198067832,Portland,OR,97205,802 SW 10th Ave,
Gotta Have Coffee,45.56573135045145,-122.64621498198743,Portland,OR,97211,,
Kainos Coffee,45.546394469383614,-122.59475570326062,Portland,OR,97213,6633 NE Sandy Blvd,
Sandino Brothers Coffee,45.54243764700932,-122.6033360457871,Portland,OR,97213,5730 NE Sandy Blvd,
Hinterland Coffee & Clothing,45.526306,-122.58957,Portland,OR,97213,,
Coffee Northwest,45.523140848554135,-122.69621596226169,Portland,OR,97210,,
Portland Roasting Coffee,45.51989543933318,-122.65726726010325,Portland,OR,97214,815 SE Sandy Blvd,
Revolucion Coffee House,45.513796,-122.681247,Portland,OR,97201,1432 SW 6th Ave,
Dutch Bros Coffee,45.53786530555557,-122.69868345203344,Portland,OR,97210,2110 NW 23rd Ave,
Stumptown Coffee Roasters,45.52168,-122.682966,Portland,OR,97205,1140 SW Washington St,
Coffee Time,45.527953,-122.694255,Portland,OR,97209,712 NW 21st Ave,
Rosebridge Coffee,45.54831149458084,-122.58843904349581,Portland,OR,97213,7206 NE Sandy Blvd,
Aramark - Office Coffee & Water Services,45.558269696050004,-122.52529391364733,Portland,OR,97230,13327 NE Whitaker Way,
Alberta St Coffee,45.559184,-122.653274,Portland,OR,97211,,
Saint Simon Coffee Co.,45.53518184831251,-122.64574034782152,Portland,OR,97232,2005 NE Broadway St,
Coffee People,45.40673087473873,-122.79467051603437,Portland,OR,97224,15660 SW Pacific Hwy,
Boy Gorilla Coffee,45.51159569050105,-122.65422602484497,Portland,OR,97214,1101-1199 SE Clay St,
Ovation Coffee & Tea,45.495893,-122.6707,Portland,OR,97239,3730 SW Bond Ave,
Cup Coffee Co.,45.577693459036304,-122.68183223636026,Portland,OR,97217,7540 N Interstate Ave,
Temporary Coffee,45.515168,-122.666015,Portland,OR,97214,1028 SE Water Ave,2011-04-25
Case Study Coffee,45.52620403989949,-122.64111371360505,Portland,OR,97232,2402 NE Glisan St,
Floyd’S Coffee,45.508322,-122.648803,Portland,OR,97214,,
Seattles Best Coffee,45.51597988693125,-122.67961536110658,Portland,OR,97204,1100 SW 6th Ave,2017-03-15
Rocky Butte Coffee Roasters,45.54840418412102,-122.57584862096996,Portland,OR,97220,8505 NE Fremont St,
Rubys Coffee Shop,45.523081512459235,-122.64570709886522,Portland,OR,97232,35 NE 20th Ave,2018-06-03
Dutch Bros. Coffee,45.51638471377176,-122.66059622499621,Portland,OR,97214,514 SE Belmont St,2018-08-10
Stumptown Coffee Roasters,45.589265106537965,-122.59344044324996,Portland,OR,97218,7000 NE Airport Way,
Ristretto Roasters,45.541277650158776,-122.69696356354845,Portland,OR,97210,2181 NW Nicolai St,2020-08-13
Dutch Bros Coffee,45.57028654198944,-122.54683841248318,Portland,OR,97220,11529 NE Glenn Widing Dr,
Coava Coffee Roasters Cafe,45.5134351,-122.66041916,Portland,OR,97214,1300 SE Grand Ave,
Coffee People - Northwest,45.52656267431231,-122.69871735108333,Portland,OR,97210,533 NW 23rd Ave,
Black Rock Coffee Bar,45.57704207966763,-122.66815513372421,Portland,OR,97217,7434 N Vancouver Ave,
Blend Coffee House & Cafe,45.523080594521566,-122.641666068037,Portland,OR,97214,2327 E Burnside St,
Crema Coffee + Bakery,45.516712,-122.607197,Portland,OR,97215,5441 SE Belmont St,
Case Study Coffee Roasters,45.511047,-122.68427,Portland,OR,97201,,
Coffeelandia,45.52036993100217,-122.65817775938373,Portland,OR,97214,,2018-11-17
Nova Coffee,45.52734285218327,-122.64523684277,Portland,OR,97232,610 NE 20th Ave,
Coffee Can Cafe,45.50447079994787,-122.6113445068634,Portland,OR,,SE 50th & division,2018-06-03
Dutch Bros Coffee,45.57983694464,-122.57505648096908,Portland,OR,97218,8169 NE Air Cargo Rd,
Stumptown Roasters,45.517452,-122.679726,Portland,OR,97204,921 SW 6th Ave,
Vacasa Coffee Bar,45.52909,-122.68417,Portland,OR,97209,850 NW 13th Ave,
Black Rock Coffee Bar,45.534846143170526,-122.53732520973081,Portland,OR,97230,1680 NE 122nd Ave,
Flying Cat Coffee,45.50487014047519,-122.63384418954773,Portland,OR,97202,3041 SE Division St,
Portland Coffee Roasters,45.589265106537965,-122.59344044324996,Portland,OR,97218,7000 NE Airport Way,
Simple Local Coffee,45.52199681863973,-122.67165968490694,Portland,OR,97204,115 SW Ash St,
The Grind Coffee,45.587615966796875,-122.74223327636719,Portland,OR,97203,7316 N Lombard St,
Common Grounds Coffeehouse,45.512161322232,-122.61785128766194,Portland,OR,97215,4321 SE Hawthorne Blvd,
Queue Coffee,45.533053377621016,-122.69522611806629,Portland,OR,97210,2112 NW Quimby St,
Sozo Coffee & Tea,45.50480218275991,-122.57297640786649,Portland,OR,97266,8733 SE Division St,2019-01-09
Sugar Cube Coffee,45.58087842776886,-122.65904880155757,Portland,OR,97211,535 NE Columbia Blvd,
Coava Coffee Roasters,45.51653694720326,-122.68594933458702,Portland,OR,97201,1171 SW Jefferson St,
Ds Watkins Gallery & Coffee Hs,45.525451271177126,-122.68053405986011,Portland,OR,97209,333 NW 9th Ave,
Kainos Coffee,45.494881,-122.607926,Portland,OR,97206,5300 SE Foster Rd,
Daily Dose! Coffee Bar,45.504916,-122.627362,Portland,OR,97202,3551 SE Division St,
Presso Coffee,45.58299463200656,-122.68719247783939,Portland,OR,97217,2020 N McClellan St,
Tullys Coffee,45.532481,-122.698914,Portland,OR,97210,1323 NW 23rd Ave,
Coffee Cabanna,45.43195769197025,-122.76960763048827,Portland,OR,97223,12215 SW Main St,
Outlier Coffee,45.511898,-122.655484,Portland,OR,97214,1516 SE 10th Ave,2019-04-17
Blue Star Donuts & Coffee,45.51798244907171,-122.69156895756662,Portland,OR,97201,1701 SW Jefferson St,
Coffees On Espresso Bar,45.517444337022624,-122.56299307518907,Portland,OR,97216,9738 SE Washington St,
Black Rock Coffee Bar,45.533648,-122.619342,Portland,OR,97213,4242 SE Halsey St,
Mudd Works Roastery,45.526107835047476,-122.59175136227209,Portland,OR,97213,6922 NE Glisan St,
Coffee Lab Pdx,45.4830295114448,-122.57741070575754,Portland,OR,97266,5420 SE 82nd Ave,
Lents Commons Coffee House,45.479781893153564,-122.56850147315032,Portland,OR,97266,9201 SE Foster Rd,2012-11-03
Stumptown Coffee Roasters,45.50539324647169,-122.6155616452837,Portland,OR,97206,4525 SE Division St,
B2 Coffee Haus,45.53259811454164,-122.69224054401954,Portland,OR,97209,1976 NW Pettygrove St,2017-08-14
Roseline Coffee,45.512367,-122.677711,Portland,OR,97201,,
Deadstock Coffee Bar,45.532446,-122.668665,Portland,OR,97227,,2019-01-09
Portland Coffer Roasters,45.529366,-122.662737,Portland,OR,97232,,
Portland Coffee Roasters,45.5897319441046,-122.5985598564148,Portland,OR,97218,Concourse C,
Inner Garden Coffee,45.49266012991794,-122.6764525753809,Portland,OR,97239,4237 SW Corbett Ave,
Moes Coffee Shop,45.514740231577875,-122.6840315047529,Portland,OR,97201,53rd & Burnside,
Mornings Best Coffee,45.52232791817841,-122.48573536293723,Portland,OR,97233,17245 E Burnside St,
Coffee Plant,45.481041,-122.676839,Portland,OR,97239,5915 SW Corbett Ave,2011-05-19
Papaccinos Coffee House,45.46400606632233,-122.68359338333333,Portland,OR,97219,8421 SW Terwilliger Blvd,2012-05-09
Black Dog Coffee,45.505186172610436,-122.62227459033915,Portland,OR,97214,2440 SE Cesar E Chavez Blvd,2018-06-03
De-Preressed Coffee,45.51634981516925,-122.61810164707298,Portland,OR,97215,,
Trailhead Coffee Roasters,45.509638,-122.662196,Portland,OR,97214,,
Bold Coffee & Books,45.518055,-122.69212,Portland,OR,97205,,
Blue Heron Coffee,45.527071183457814,-122.64591670212631,Portland,OR,97232,541 NE 20th Ave,
Pdx Coffee Club,45.516962,-122.675282,Portland,OR,97204,827 SW 2nd Ave,
Concordia Coffee House,45.55918191824631,-122.6355583536749,Portland,OR,97211,2909 NE Alberta St,2022-04-16
Good Coffee,45.534308121536,-122.69581593155016,Portland,OR,97210,2175 NW Raleigh St,
Tinys Coffee South East,45.51257633947611,-122.65355127681357,Portland,OR,97214,1412 SE 12th Ave,
Blue Star Donuts + Coffee (Concourse D),45.590347,-122.5935,Portland,OR,97218,,
Beat Friend Juice + Coffee,45.50500311888194,-122.65419633848069,Portland,OR,97202,1121 SE division,
Dutch Bros Coffee,45.521548,-122.690767,Portland,OR,97205,,
Favela Coffee,45.516661,-122.60699,Portland,OR,97215,,
The Coffee Bar,45.517831,-122.678844,Portland,OR,97204,,
Floyds Coffee,45.52382146208237,-122.67170995763155,Portland,OR,97209,118 NW Couch St,
Coffees On,45.508527,-122.717991,Portland,OR,97221,4015 SW Canyon Rd,
Allegro Coffee,45.52326821289874,-122.63686137055949,Portland,OR,97214,2825 E Burnside St,
Blind Coffee Roasters,45.426003846238814,-122.59890204270711,Portland,OR,97222,,
The Dragonfly Coffee House,45.535555404862095,-122.70076287348977,Portland,OR,97210,2387 NW Thurman St,
Cowboy Coffee Company & Bbq,45.51782170359186,-122.62255926668233,Portland,OR,97214,700 SE Cesar E Chavez Blvd,
Harder Day Coffee Co,45.479503,-122.618895,Portland,OR,97206,4229 SE Woodstock Blvd,
Citizen Coffee,45.52830259868234,-122.68066281210847,Portland,OR,97209,721 NW 9th Ave,
Jim & Pattys Coffee,45.548336589435664,-122.6116515192244,Portland,OR,97213,4951 NE Fremont St,
Proud Mary Roastery,45.55165457828075,-122.66719835030776,Portland,OR,97227,3961 N Williams Ave,
Oracle Coffee Company,45.49515103929684,-122.67104118373527,Portland,OR,97239,3875 SW Bond Ave,2024-11-13
Abundancia Coffee,45.49765317531694,-122.60223133851355,Portland,OR,97206,5829 SE Powell Blvd,2024-11-04
Sharifs Coffee,45.51841370963788,-122.6748150683027,Portland,OR,97204,601 SW 2nd Ave,
Happy Cup Coffee,45.562324249969336,-122.66074034469811,Portland,OR,97211,446 NE Killingsworth St,2022-11-01
Cascadia Coffee Pub,45.53796928541865,-122.68812337551955,Portland,OR,97209,2010 NW Front Ave,
Da-Pressed Coffee Cart,45.516386642749794,-122.61802657158671,Portland,OR,97215,SE Belmont St,
Spielman Coffee & Bagels,45.534958100862234,-122.64278488590227,Portland,OR,97232,2200 NE Broadway St,
Rx Coffee,45.517109,-122.652689,Portland,OR,97214,,
Blue Star Donuts & Coffee,45.55015593103423,-122.6756889295191,Portland,OR,97227,3749 N Mississippi Ave,
Percasso Coffee & Bottled Water Service,45.54383643478369,-122.70432338480923,Portland,OR,97210,3055 NW Yeon Ave # 150,2024-06-18
Black Rock Coffee Bar,45.527440728921604,-122.68456301991468,Portland,OR,,617 NW 13th Ave,2020-02-29
Mangos Coffeehouse,45.517996467329795,-122.6904046798089,Portland,OR,97205,1215 SW 16th Ave,
Java Man Coffee,45.459135226429744,-122.70966388623161,Portland,OR,97219,9113 SW Barbur Blvd,
Coffee People,45.58797677867183,-122.59415119878048,Portland,OR,97218,Concourse B,2017-07-12
Peets Coffee & Tea,45.535172,-122.650631,Portland,OR,97232,"1441 N.E. Broadway,",
Woodlawn Coffee & Pastry,45.57175314754669,-122.65706328303652,Portland,OR,97211,808 NE Dekum St,
Focus International Coffee House,45.51888179054438,-122.68456453597132,Portland,OR,97205,1150 SW Taylor,
Guapo Comics & Coffee,45.4896245693934,-122.59722864573294,Portland,OR,97206,6350 SE Foster Rd,
Spunky Monkey House Of Coffee,45.52347545616734,-122.64565630649066,Portland,OR,97232,35 NE 20th Ave,2013-10-11
Peets Coffee & Tea,45.51187750482874,-122.62591368794298,Portland,OR,97214,3646 SE Hawthorne Blvd,2017-04-12
Foxy Coffee Co.,45.51633957407084,-122.62633858568465,Portland,OR,97214,3640 SE Belmont St,2018-05-10
First Choice Coffee Service Portland,45.51621005698223,-122.6622287472996,Portland,OR,97214,313 SE Yamhill St,
Grindhouse Coffee,45.56970942762767,-122.68723903646172,Portland,OR,97217,1934 N Rosa Parks Way,
Portland Roasting Coffee,45.589309,-122.593547,Portland,OR,97218,7000 NE Airport Way,2023-12-01
Arvys Coffee,45.41357591774625,-122.62937664659665,Portland,OR,97267,15168 SE McLoughlin Blvd,
St Johns Coffee Roasters,45.589418381642545,-122.75396898384193,Portland,OR,97203,7304 N Leavitt Ave,
Stumptown Coffee Roasters,45.52178665755522,-122.67351746142589,Portland,OR,97204,128 SW 3rd Ave,
Concourse Coffee,45.523820462852335,-122.65733883284285,Portland,OR,97232,807 NE Couch St,
Coffee Crossing,45.508888,-122.715609,Portland,OR,97205,4001 SW Canyon Rd,
Tullys Coffee,45.473895708003965,-122.64923593033278,Portland,OR,97202,1625 SE Bybee Blvd,2024-07-13
Broken Robot Coffee,45.49318178008027,-122.63617649674416,Portland,OR,97202,2860 SE Gladstone St #102,
Fairlane Coffee,45.47472992222271,-122.6486746407352,Portland,OR,97202,6647 SE Milwaukie Ave,
Prince Coffee,45.58361124864573,-122.68770371089973,Portland,OR,97217,2030 N Willis Blvd,2020-07-31
Floyds Coffee Shop,45.51717928634027,-122.65133587305505,Portland,OR,97214,1412 SE Morrison St,2019-08-25
Wild Bean Coffee,45.53047,-122.66081,Portland,OR,97232,,
King Harvest Drive Thru Coffee,45.51693639466252,-122.65039307517459,Portland,OR,97214,1502 SE Morrison St,
Tualatin Coffee & Wine,45.41348222987935,-122.78175013050553,Portland,OR,97224,10155 SW Murdock St,
Bs Coffee Cabana,45.4759891648034,-122.54380778581715,Portland,OR,97266,11540 SE Foster Rd,
Keia & Martyn’S Coffee,45.532534,-122.653653,Portland,OR,97232,Old Jamba Juice,
Coffee People,45.526190774863935,-122.47745066282414,Portland,OR,97230,499 NE 181st Ave,
Rilassi Coffee House & Tea,45.497300358110024,-122.66940892765312,Portland,OR,97239,3580 SW River Pkwy,
Extracto Coffeehouse,45.55558093169654,-122.65046902022598,Portland,OR,97211,1465 NE Prescott St,2019-02-14
5 Points Coffee,45.5048939531287,-122.62742753782014,Portland,OR,,,2019-04-17
Blue Moon Coffee,45.589337,-122.751428,Portland,OR,97203,8221 N Lombard St,2010-01-18
Grounded Nw Coffee,45.52323397439517,-122.69148364537824,Portland,OR,97209,1951 W Burnside St,2024-11-16
Fourth Estate Coffeehouse,45.590485140131264,-122.7548244587644,Portland,OR,97203,7373 N Burlington Ave,2017-07-24
Cranky B4 Coffee,45.461492294688355,-122.70797994588519,Portland,OR,,9050 SW Barbur Blvd,
Spunky Monkey Coffee Roasters,45.52666510246313,-122.6427011902764,Portland,OR,97232,2240A NE Sandy Blvd,
Roamer Roasters,45.513741,-122.654479,Portland,OR,97214,1105 SE Main St,
Heart Coffee,45.4794033117434,-122.6090844844873,Portland,OR,97206,5181 SE Woodstock Blvd,
Wallflower Coffee Co.,45.504706,-122.632746,Portland,OR,97202,3158 SE Division St,
Vul Coffee Roasters,45.504824,-122.6315,Portland,OR,,34th,
Coffee & Snack,45.5176339139875,-122.67763741312737,Portland,OR,97204,888 SW 5th Ave,
Stumptown Coffee Roasters,45.50497185802622,-122.62738759310808,Portland,OR,97202,3551 SE Division St,2017-01-25
Good Coffee,45.523565,-122.682553,Portland,OR,97209,1114 NW Couch St,
Bingo Masters Coffee,45.5593312744049,-122.65446059786576,Portland,OR,97211,1101 NE Alberta St,
Papaccinos Coffeehouse Woodstock,45.47935198704735,-122.61704899736168,Portland,OR,97206,4411 SE Woodstock Blvd,
Elevated Coffee,45.56144934045867,-122.66176546590687,Portland,OR,97211,5261 NE M L King Blvd,
Little Bear Coffee & Milk Tea,45.520241,-122.674401,Portland,OR,97204,,
Water Avenue Coffee,45.514169,-122.679259,Portland,OR,97201,"1300 SW 5th Ave, Portland OR 97201",
Cars & Coffee,45.57503222294871,-122.55993379405791,Portland,OR,,Cascade Station Parking Lot,
World Cup Coffee & Tea,45.52303631496102,-122.68188534364656,Portland,OR,97209,1005 W Burnside St,2023-05-29
Kalesa Coffee,45.539391,-122.674522,Portland,OR,97227,,
Sunset Bakery & Coffee Shop,45.525041875182815,-122.8143274416122,Portland,OR,97229,806 NW Murray Blvd,
Touchstone Coffee & Tea House,45.52592812765473,-122.59173852857187,Portland,OR,97213,445 NE 70th Ave,
Coffeehouse Five,45.550331307031776,-122.68062639670038,Portland,OR,,,
Sip & Kranz Coffee Lounge,45.5293071269989,-122.681498,Portland,OR,97209,901 NW 10th Ave,2012-01-28
Jim & Pattys Coffee,45.529667418197086,-122.6976996896396,Portland,OR,97210,2246 NW Lovejoy St,2022-04-09
Good Cart Coffee,45.562794,-122.658905,Portland,OR,97211,NE Killingsworth St,
Maplewood Coffee & Tea,45.46995052038215,-122.73082545092237,Portland,OR,97219,5206 SW Custer St,
Sterling Coffee Roasters,45.52666510802886,-122.69421866859274,Portland,OR,97209,518 NW 21st Ave,
City Coffee,45.53175573099614,-122.65763517623702,Portland,OR,97232,825 NE Multnomah St #130,
Coffee Cup,45.51623583080672,-122.79582050280627,Portland,OR,97225,11525 SW Choban Ln,
Jet Black Coffee Company,45.56163622759386,-122.63472423818887,Portland,OR,97211,5308 NE 30th Ave,
Roseline Coffee,45.524456,-122.662293,Portland,OR,97232,321 NE Davis St,
Dutch Bros Coffee,45.48824743218276,-122.5938897733023,Portland,OR,97206,6710 SE Foster Rd,
Wfm Coffee Bar,45.53702395559931,-122.618408203125,Portland,OR,97213,4301 Ne Sandy Blvd,
Little Bear Coffee & Milk Tea,45.509566530657054,-122.68155942824905,Portland,OR,97201,1927 SW 4TH Ave,
East Portland Coffee Roasters,45.50510448827426,-122.58146970905914,Portland,OR,97206,2404 SE 79th Ave,
Capitola Coffee,45.554356773659244,-122.67571052729356,Portland,OR,97217,4224 N Mississippi Ave,
Clive Coffee,45.51534871502958,-122.66511900381866,Portland,OR,97214,79 SE Taylor St,
Carnelian Coffee,45.4879195498085,-122.59197868130676,Portland,OR,97206,6923 SE Foster Rd,
Peets Coffee & Tea,45.52056754,-122.6787946,Portland,OR,97205,"508 SW Broadway,",
Ardent Coffee,45.485848909922986,-122.63727950463175,Portland,OR,97202,5120 SE 28th Ave,
Coffee Bean & Tea Leaf,45.541338274632196,-122.69691538513972,Portland,OR,97210,2181 NW Nicolai St,
The Happy Camper Food & Coffee Bar,45.493521649560535,-122.67154388296795,Portland,OR,97239,0651 SW Bancroft St,
Hypnos Coffee,45.550111,-122.666843,Portland,OR,97227,3761 N Williams Ave,
Portland Coffee House,45.51656988092192,-122.63964345031923,Portland,OR,97214,2511 SE Belmont St,2018-06-03
Mr. French Coffee House,45.51897911279081,-122.66429340540529,Portland,OR,97214,107 SE Washington St,
Allegro Coffee Company,45.523224524382286,-122.68328941476032,Portland,OR,97209,1210 Nw Couch St,2018-03-13
Nw Coffee Beer Invitational,45.5185565834675,-122.69387483596802,Portland,OR,97201,1927 SW Jefferson St,2016-06-11
Insomnia Coffee Company,45.52638771686652,-122.80580850149859,Portland,OR,97229,12535 NW Cornell Rd,
Boyds Coffee Stores,45.5201019959106,-122.68877049264566,Portland,OR,97205,1501 SW Taylor St,
Parkers Fine Coffee & Teas,45.5170483929426,-122.6602691123818,Portland,OR,97214,510 SE Morrison St,
Abba Coffee Roasters,45.5269849682884,-122.68258756314535,Portland,OR,97209,525 NW 11th Ave,
Blue Kangaroo Coffee Roasters,45.46708714348082,-122.65314409075914,Portland,OR,97202,7901 SE 13th Ave,
Coffee Max,45.53077864868475,-122.562757730484,Portland,OR,97220,1101 NE 99th Ave,2016-06-15
Brewed Hot Coffee,45.56502233776578,-122.52491580690496,Portland,OR,97230,13233 NE Jarrett St,
Capitol Coffee House,45.480527,-122.691658,Portland,OR,97239,6446 SW Capitol Hwy,2009-08-27
40 Lbs Coffee Bar,45.52054,-122.677536,Portland,OR,97204,400 SW 6th Ave,
Fremont Coffee,45.5484723739968,-122.61441951714585,Portland,OR,97213,4727 NE Fremont St,
Bastion Coffee,45.555019911887875,-122.67536990874268,Portland,OR,97217,4326 N Mississippi Ave,
Furura Coffee,45.50518,-122.617613,Portland,OR,97206,,
Heart Coffee,45.521927,-122.68292,Portland,OR,97205,537 SW 12th Ave,2020-02-05
Coffee Cartel,45.485952679306564,-122.72162841730132,Portland,OR,,,
Sip Coffee,45.505612,-122.653545,Portland,OR,97214,,
Olé Latte Coffee Psu,45.51068607439934,-122.68218425337713,Portland,OR,,SW 5TH Ave,
Futura Coffee Roasters,45.505163,-122.617428,Portland,OR,97206,4330 SE Division St,
Black Rock Coffee Bar,45.45298776900544,-122.7210154979199,Portland,OR,97219,10020 SW Capitol Hwy,
Jim & Patty’S Coffee,45.53736588812047,-122.77974840419424,Portland,OR,97229,2021 NW Miller Rd,
Dutch Bros Coffee,45.50443145178783,-122.48426429966969,Portland,OR,97236,17404 SE Division St,
Water Avenue Coffee,45.519119,-122.651296,Portland,OR,97214,1416 SE Stark St,
Britts Express Lane Coffee,45.559826904383435,-122.55745225820031,Portland,OR,97220,10209 NE Sandy Blvd,
Nossa Familia Coffee,45.51122491987143,-122.6630343275197,Portland,OR,,1633 SE 3rd Ave,
Peaks Coffee Pdx,45.51188519218093,-122.62998194475793,Portland,OR,97214,3340 SE Hawthorne Blvd,2023-05-29
7 Virtues Coffee,45.508889,-122.598129,Portland,OR,97213,6000 NE Glisan St,2012-03-20
Coffee People,45.50946034752614,-122.68442597728962,Portland,OR,97201,603 SW Jackson St,
Rain Or Shine Coffee House,45.505483774177954,-122.60181159134649,Portland,OR,97206,5941 SE Division St,
Coffee Romance,45.49761910162448,-122.58155806005787,Portland,OR,97206,7901 SE Powell Blvd,
Blend Coffee Lounge,45.56269939411389,-122.69490534388886,Portland,OR,97217,2710 N Killingsworth St,
Groundworks Coffee,45.52012183122575,-122.67206800762716,Portland,OR,,308 SW 1st Ave,
Mother Lovin Coffee,45.52609983600049,-122.58063428104019,Portland,OR,97213,8044 NE Glisan St,
Nico’S Coffee,45.56163622759386,-122.63472423818887,Portland,OR,97211,5308 NE 30th Ave,
Seattles Best Coffee,45.51198071632552,-122.68220029545058,Portland,OR,97201,1742 SW 6th Ave # AVE-5203,2024-06-09
"Coffee People, Powell",45.497089,-122.625649,Portland,OR,97202,3623 SE Powell Blvd,2013-03-18
Cadejo Coffee,45.523588,-122.679276,Portland,OR,97209,804 NW Couch St,
Spella Roastery,45.51953131553852,-122.65710713585366,Portland,OR,97214,,
Coffee Bar At The Tram,45.499101716666665,-122.67090391666666,Portland,OR,,,
Focus International Coffee House,45.510209924016884,-122.65348249544103,Portland,OR,97214,911 SW 11th (1st Baptist Church),
Tandem Coffee House,45.505029715116684,-122.63384086435562,Portland,OR,97202,3041 SE Division St,
Portland Roasting Coffee,45.52765875792061,-122.66192553281239,Portland,OR,97232,777 NE M L King Blvd,
Coffee Dugout,45.521631150097384,-122.69020206766596,Portland,OR,97205,742 SW 18th Ave # AVE-1636,
Peets Coffee & Tea,45.466370819008176,-122.75257144924106,Portland,OR,97223,7410 SW Oleson Rd,
Coffee Kids,45.59148210786463,-122.75645207764885,Portland,OR,97203,8836 N Lombard St,2017-07-19
Water Avenue Coffee,45.521928,-122.680712,Portland,OR,97205,,
K&F Clinton Street Coffeehouse,45.503415659951465,-122.63967429968308,Portland,OR,,2602 SE 26th Ave,
Wfm Coffee Bar,45.548882,-122.651358,Portland,OR,97212,3535 Ne 15th Ave,
Dutch Bros Coffee,45.518849602188205,-122.47040240049917,Portland,OR,97233,18710 SE Stark St,
Foxy Coffee,45.56350933549142,-122.68181452353447,Portland,OR,97217,5610 N Interstate Ave,
Moore Coffee,45.504542,-122.626557,Portland,OR,97202,,
Coffee & Crepes,45.54333452702002,-122.704209193335,Portland,OR,,,
City Coffee,45.52986459213165,-122.65917370050808,Portland,OR,97232,650 NE Holladay St,
Dutch Bros Coffee,45.455425353050884,-122.77919366746482,Portland,OR,97223,8940 SW Hall Blvd,
Coffee Cat,45.479529992265185,-122.62020237995226,Portland,OR,97202,4103 SE Woodstock Blvd,
Wilbers- Coffee,45.51560213985155,-122.67912188745684,Portland,OR,97204,,
Brew Line Coffee,45.53099677918691,-122.56279032975883,Portland,OR,97220,1101 NE 99th Ave,
Piroshki & A Pickle Coffeehouse,45.49266012991794,-122.6764525753809,Portland,OR,97239,,2017-12-02
Britts Express Lane Coffee,45.5594248543965,-122.56131262552029,Portland,OR,,NE Sandy,
Fritz Avanti Coffee,45.51835709873539,-122.67932127024699,Portland,OR,97204,811 SW 6th Ave,
Soro Soro Coffee & Dessert,45.522606200979844,-122.64225361795376,Portland,OR,97214,2250 E Burnside St,
Super Joy Coffee Lab/Roasters,45.52077488360958,-122.68664394269634,Portland,OR,97205,1401 SW Yamhill St,
Bridgetown Coffee Annex,45.54084688847264,-122.71747017498808,Portland,OR,97210,3460 NW Industrial St,
Peets Coffee & Tea,45.470346320298276,-122.69073243213228,Portland,OR,97219,7555 SW Barbur Blvd,
Harder Day Coffee Co,45.538145,-122.615773,Portland,OR,97213,4615 NE Sandy Blvd,
Re Coffee Glisan,45.52661241403319,-122.58844472151227,Portland,OR,97213,7201 NE Glisan St,
Happy Cup Coffee Bar,45.54810401896411,-122.66647532046086,Portland,OR,97212,12 NE Fremont St Unit 1W,
Trailhead Coffee Roasters,45.523201505070645,-122.64672596821532,Portland,OR,97214,1847 E Burnside St,
Bakers Dozen Coffee Beers & Doughnuts,45.52896418269738,-122.64395471891221,Portland,OR,97232,2117 NE Oregon St,2024-09-10
Yo Mamas Coffee & Tea,45.489199,-122.59574179,Portland,OR,,,2012-05-27
Ristretto Roasters Coffee Cart,45.52135302475224,-122.68130180891114,Portland,OR,,,2013-08-10
Amore Coffee Cafe,45.532463184704405,-122.65357368474835,Portland,OR,97232,,
Wild Rose Coffee,45.51033133898265,-122.68177015654565,Portland,OR,97201,1876 SW 5th Ave,
Tullys Coffee,45.587669,-122.591962,Portland,OR,97218,7000 NE Airport Way,2013-10-29
Deadstock Coffee,45.55909503540779,-122.63483041908329,Portland,OR,97211,3003 NE Alberta St,
Seven Virtues Coffee Roasters,45.511898167446816,-122.62780707780992,Portland,OR,97214,SE Hawthorne Blvd,
Prince Coffee,45.541558,-122.696877,Portland,OR,97210,2181 NW Nicolai St,2022-12-22
Sandino Coffee Roasters,45.486144167597814,-122.58834438753627,Portland,OR,,7238 SE Foster Rd,
Perk Me Up Coffee,45.442888777351776,-122.58069122024392,Portland,OR,97086,11211 SE 82nd Ave,
Broadway Coffee,45.51013302729097,-122.68431932721218,Portland,OR,97201,1924 SW Broadway,
Two Stroke Coffee,45.59169345877651,-122.7567784816075,Portland,OR,97203,8926 N Lombard St,
Coffee Lovers Bar & Cafe,45.49258703254193,-122.60155843006433,Portland,OR,97206,4144 SE 60th Ave,
Ristretto Roasters,45.51503067699148,-122.68179961520234,Portland,OR,97201,1320 SW Broadway,2019-02-08
